name,description,price
Bay Leaf Fresh,Function-based client-driven firmware,39.83
Wine - Sogrape Mateus Rose,Devolved bifurcated strategy,36.16
Energy Drink Red Bull,Polarised systematic data-warehouse,70.03
Cheese - Brie,Visionary zero administration benchmark,7.07
Water - Perrier,Secured value-added system engine,63.2
Wine - Chablis 2003 Champs,Diverse scalable productivity,80.73
Paper Towel Touchless,Balanced optimal info-mediaries,85.53
Eggwhite Frozen,Triple-buffered cohesive standardization,46.47
Wine - Spumante Bambino White,Sharable motivating forecast,56.68
Sproutsmustard Cress,Synergized zero administration Graphic Interface,63.73
Tamarind Paste,Reactive background groupware,2.45
Macaroons - Homestyle Two Bit,Right-sized next generation function,57.91
Mangoes,Balanced 24 hour intranet,98.64
"Tart Shells - Savory, 4",Managed context-sensitive instruction set,12.43
"Beef - Bones, Cut - Up",Expanded bottom-line solution,78.5
Appetizer - Seafood Assortment,Versatile explicit Graphical User Interface,84.94
"Yogurt - Banana, 175 Gr",Business-focused 5th generation task-force,31.91
Bread - Italian Corn Meal Poly,Diverse directional open system,44.81
Dish Towel,Front-line multimedia paradigm,96.27
Wine - Fat Bastard Merlot,Versatile maximized database,39.79
Sauce - Soy Low Sodium - 3.87l,Customer-focused object-oriented moderator,8.28
"Turkey - Breast, Bone - In",Upgradable systemic matrices,67.43
Bread - White Epi Baguette,Business-focused systemic help-desk,81.66
Chicken - Wieners,Multi-layered motivating matrices,89.55
Wheat - Soft Kernal Of Wheat,Reactive systematic orchestration,74.15
Carbonated Water - Strawberry,Profit-focused cohesive superstructure,80.37
Cinnamon - Ground,Extended methodical budgetary management,55.27
"Cookies - Oreo, 4 Pack",Down-sized maximized structure,35.34
"Vermouth - Sweet, Cinzano",Reverse-engineered client-server hierarchy,68.89
Wine - Merlot Vina Carmen,Balanced tertiary initiative,25.64
"Vermouth - White, Cinzano",Profit-focused fault-tolerant migration,9.9
Poppy Seed,Up-sized solution-oriented Graphical User Interface,78.65
Hipnotiq Liquor,Optional impactful budgetary management,49.62
Wine - Muscadet Sur Lie,Horizontal hybrid standardization,90.0
Pasta - Ravioli,Advanced national leverage,75.47
"Garlic - Primerba, Paste",Focused didactic benchmark,71.77
Pepper - Sorrano,Customer-focused composite installation,62.81
Sprouts - China Rose,Ameliorated discrete customer loyalty,4.78
"Tart Shells - Barquettes, Savory",Multi-channelled needs-based collaboration,91.43
Cake - Mini Potato Pancake,Ameliorated uniform framework,31.66
Oil - Avocado,Open-source demand-driven instruction set,87.12
Snapple Raspberry Tea,Down-sized 24 hour instruction set,41.59
Tray - 16in Rnd Blk,Cross-group zero tolerance focus group,92.6
Table Cloth 62x120 Colour,Synergistic solution-oriented pricing structure,37.91
Cookies - Englishbay Chochip,Compatible well-modulated leverage,11.36
Extract - Raspberry,Compatible explicit complexity,33.26
Anisette - Mcguiness,Profound tertiary workforce,92.01
Wine - Chablis 2003 Champs,Fundamental homogeneous alliance,53.74
Nantucket Cranberry Juice,Profound directional info-mediaries,16.52
"Lamb - Leg, Bone In",Distributed tangible emulation,92.7
"Bread - Rolls, Corn",Exclusive mission-critical algorithm,11.56
Bandage - Fexible 1x3,Multi-layered scalable project,58.82
Eel Fresh,Organic even-keeled hub,76.07
Bagel - Ched Chs Presliced,User-centric attitude-oriented artificial intelligence,13.85
Bread - Bistro White,Networked uniform solution,15.86
Country Roll,Integrated bifurcated customer loyalty,77.92
Raspberries - Frozen,Progressive multi-state capacity,57.59
Rice - Sushi,Profit-focused zero tolerance solution,81.06
Lychee - Canned,Horizontal user-facing firmware,16.17
Squash - Butternut,Switchable high-level interface,97.0
Bar Energy Chocchip,Cross-group asymmetric analyzer,35.96
Contreau,Organic directional migration,86.67
"Crab - Claws, 26 - 30",Cross-platform incremental structure,17.79
Wine - Riesling Dr. Pauly,Grass-roots multi-state hierarchy,97.28
Basil - Pesto Sauce,Programmable transitional array,58.39
Langers - Cranberry Cocktail,Streamlined context-sensitive portal,3.17
Horseradish Root,Triple-buffered neutral middleware,55.9
Muskox - French Rack,Front-line optimal contingency,21.09
Juice - Happy Planet,Inverse mission-critical synergy,3.71
Aspic - Amber,Ameliorated national process improvement,37.01
"Mushroom - Trumpet, Dry",Business-focused high-level contingency,31.49
Beer - Muskoka Cream Ale,Open-source 24/7 application,18.39
Tomato - Plum With Basil,Seamless attitude-oriented toolset,1.52
Melon - Honey Dew,Enterprise-wide multi-state infrastructure,69.27
Cookie Double Choco,Synergistic optimizing policy,51.18
"Nut - Hazelnut, Ground, Natural",Business-focused discrete encryption,90.58
Bread - Olive,Re-contextualized grid-enabled complexity,42.4
Oil - Safflower,Streamlined actuating conglomeration,96.12
Carbonated Water - White Grape,Programmable optimal algorithm,10.33
Turnip - Mini,Enhanced cohesive neural-net,24.06
Peach - Fresh,Virtual radical knowledge base,9.61
Tea - Orange Pekoe,Assimilated foreground strategy,60.03
Potatoes - Yukon Gold 5 Oz,Right-sized solution-oriented product,98.49
Pork - Kidney,Self-enabling needs-based Graphical User Interface,6.87
Sobe - Berry Energy,Monitored content-based knowledge base,44.82
Dasheen,Intuitive asynchronous structure,13.63
Nescafe - Frothy French Vanilla,Secured fresh-thinking collaboration,13.56
Beer - Moosehead,Horizontal fault-tolerant strategy,87.44
Veal - Ground,Digitized bifurcated database,62.37
Cookie - Dough Variety,Reactive mobile definition,76.28
Cake - Sheet Strawberry,Organic holistic process improvement,49.7
"Leeks - Baby, White",Ameliorated full-range migration,58.96
Carbonated Water - Blackberry,Streamlined multi-state budgetary management,97.07
Soup - Campbells Chicken,Enhanced directional application,39.88
Steampan - Half Size Shallow,Mandatory intangible local area network,72.44
"Tomatoes - Plum, Canned",Object-based modular middleware,98.14
Beef - Top Butt Aaa,De-engineered eco-centric application,33.43
"Wine - Red, Mouton Cadet",Expanded needs-based hardware,48.59
Bandage - Fexible 1x3,Devolved empowering concept,47.36
Cheese - Oka,Versatile reciprocal matrices,13.14
Water - San Pellegrino,Virtual impactful protocol,76.85
Napkin Colour,Cloned asymmetric hub,41.15
"Lamb - Racks, Frenched",User-friendly 24 hour solution,68.46
Bonito Flakes - Toku Katsuo,Synergized zero defect adapter,68.16
Wine - Rosso Toscano Igt,Compatible eco-centric installation,88.67
Bread Ww Cluster,Diverse upward-trending process improvement,85.87
"Coffee - Beans, Whole",Reactive maximized complexity,45.2
Sauce - Hp,Decentralized object-oriented monitoring,77.98
"Crush - Grape, 355 Ml",Synergistic hybrid contingency,2.91
Beans - Wax,Programmable discrete adapter,26.58
Broom And Broom Rack White,Distributed transitional product,5.94
Quiche Assorted,Ameliorated zero defect software,47.09
"Sugar - Sweet N Low, Individual",Optimized static model,60.98
Squash - Sunburst,Multi-tiered foreground encoding,46.9
Tomatoes - Orange,De-engineered high-level task-force,2.68
Water - San Pellegrino,Advanced attitude-oriented hardware,47.07
Pepper - Cayenne,Operative fault-tolerant internet solution,94.72
Mahi Mahi,Fundamental multi-tasking focus group,96.86
Wine - Savigny - Les - Beaune,Expanded regional paradigm,18.61
Pheasants - Whole,Realigned solution-oriented concept,43.33
Myers Planters Punch,Right-sized systemic forecast,53.1
Cocktail Napkin Blue,Business-focused scalable extranet,24.49
"Napkin - Beverge, White 2 - Ply",Reactive interactive model,13.11
Lobster - Canned Premium,Synchronised bandwidth-monitored extranet,26.73
Lychee,Persevering dynamic project,32.09
Beef - Kobe Striploin,Assimilated 4th generation knowledge user,94.24
Cheese - Cottage Cheese,Re-contextualized even-keeled contingency,97.85
External Supplier,Triple-buffered upward-trending middleware,35.06
Pie Box - Cello Window 2.5,Progressive empowering help-desk,34.89
Wine - Touraine Azay - Le - Rideau,Re-contextualized content-based data-warehouse,13.41
Raisin - Golden,Right-sized context-sensitive middleware,76.49
Peach - Fresh,Profound asymmetric interface,98.27
Seaweed Green Sheets,Mandatory bifurcated hardware,55.08
Asparagus - Frozen,Seamless logistical contingency,51.12
Beer - Sleemans Honey Brown,Operative logistical software,48.37
Honey - Comb,Exclusive asymmetric orchestration,36.55
Eggroll,Intuitive neutral complexity,71.24
Rum - Mount Gay Eclipes,Switchable needs-based product,61.34
Oil - Olive Bertolli,Persistent multi-state hardware,98.32
"Pasta - Rotini, Dry",Team-oriented dynamic extranet,67.09
Lemon Grass,Compatible global knowledge user,1.77
Table Cloth 54x72 Colour,Diverse next generation info-mediaries,99.66
Gatorade - Xfactor Berry,Re-engineered executive time-frame,1.58
Broom And Brush Rack Black,Reverse-engineered exuding open system,60.44
Pork - Backs - Boneless,Re-contextualized optimizing orchestration,54.24
"Artichoke - Bottom, Canned",Customizable intangible hierarchy,76.38
Goldschalger,Total multimedia initiative,61.26
Potatoes - Mini Red,Object-based tangible solution,5.31
"Juice - V8, Tomato",Cross-platform national database,63.54
Duck - Legs,Adaptive stable installation,91.18
Muffin Hinge Container 6,Customer-focused transitional flexibility,22.56
Haggis,Quality-focused bi-directional intranet,3.66
Bread - French Baquette,Up-sized uniform internet solution,9.63
Muffin Hinge - 211n,Diverse fresh-thinking projection,9.46
"Potatoes - Purple, Organic",Multi-tiered multimedia framework,24.75
"Tart Shells - Sweet, 4",Streamlined well-modulated moratorium,10.55
Wine - Lou Black Shiraz,Customizable explicit project,78.58
Veal - Knuckle,Grass-roots zero defect hierarchy,29.48
Croissants Thaw And Serve,Re-contextualized interactive frame,70.28
"Bread - Crumbs, Bulk",Grass-roots encompassing knowledge user,47.87
Cinnamon - Ground,Synergistic tangible orchestration,99.47
Browning Caramel Glace,Diverse grid-enabled process improvement,31.37
"Juice - Clam, 46 Oz",Ergonomic foreground neural-net,4.57
Thyme - Fresh,Organized homogeneous challenge,71.06
Orange Roughy 4/6 Oz,Visionary interactive parallelism,6.66
Pineapple - Regular,Visionary non-volatile knowledge base,1.77
Muffin - Mix - Creme Brule 15l,Fundamental fault-tolerant hierarchy,2.12
"Glass - Wine, Plastic, Clear 5 Oz",Ameliorated background initiative,80.41
Cookie - Oreo 100x2,Cloned tertiary instruction set,1.53
Extract Vanilla Pure,Down-sized object-oriented parallelism,91.55
Shrimp - Prawn,Synergistic impactful installation,4.73
Flavouring - Rum,Customer-focused directional neural-net,57.31
"Sauce - Black Current, Dry Mix",Automated human-resource interface,91.3
"Beef - Roasted, Cooked",Persistent didactic collaboration,97.78
Pastry - Baked Scones - Mini,Operative logistical artificial intelligence,64.61
Steampan - Half Size Shallow,Exclusive methodical paradigm,61.06
Thyme - Fresh,Object-based multi-tasking standardization,70.3
"Crab - Claws, 26 - 30",Team-oriented cohesive portal,72.03
Bols Melon Liqueur,Synergized maximized architecture,92.74
Papadam,Self-enabling needs-based portal,40.21
Capon - Whole,Profound real-time benchmark,79.29
"Soup - Campbells, Chix Gumbo",Intuitive background policy,28.46
"Beef - Tenderlion, Center Cut",Realigned content-based encryption,36.97
Bread - Bistro White,Proactive upward-trending moderator,71.98
Yokaline,Reduced upward-trending extranet,89.56
Chocolate - Milk Coating,Inverse object-oriented collaboration,45.13
Sobe - Orange Carrot,User-friendly global archive,76.66
Chocolate Bar - Reese Pieces,Implemented non-volatile array,91.27
Energy Drink,Synchronised full-range matrices,33.53
"Wine - Magnotta, White",Polarised client-server structure,11.94
Bread - Bistro Sour,Advanced directional encoding,18.61
Wine - Taylors Reserve,Profound 3rd generation matrices,13.53
Lemon Pepper,Innovative logistical database,3.22
Barley - Pearl,Self-enabling modular artificial intelligence,10.0
Flax Seed,Innovative upward-trending algorithm,35.65
"Pasta - Penne Primavera, Single",Mandatory radical contingency,9.0
Cheese - Feta,Universal cohesive open architecture,56.33
Soup - Campbells - Tomato,Operative methodical archive,69.49
Island Oasis - Sweet And Sour Mix,Operative tertiary orchestration,27.01
Cookie Trail Mix,Sharable stable open system,2.26
Flour - Cake,Adaptive radical utilisation,80.62
Bay Leaf Fresh,Proactive actuating algorithm,5.4
"Wine - Red, Gallo, Merlot",Cross-group clear-thinking framework,38.09
Cheese - Feta,Inverse even-keeled artificial intelligence,95.04
Skewers - Bamboo,Public-key regional architecture,4.24
Wiberg Cure,Mandatory object-oriented model,62.26
Calypso - Pineapple Passion,Visionary full-range alliance,19.04
Coffee Guatemala Dark,Integrated composite instruction set,6.42
Bread - Malt,Realigned human-resource circuit,34.28
Cheese - Gouda,Virtual even-keeled database,42.23
Propel Sport Drink,Balanced scalable Graphical User Interface,82.83
Soup - Campbells Broccoli,Upgradable explicit projection,3.97
Lobster - Tail 6 Oz,Phased tangible time-frame,35.43
"Pepper - Red, Finger Hot",Horizontal zero administration website,5.61
Sauce - Rosee,Front-line 6th generation secured line,22.99
Cucumber - Pickling Ontario,Programmable local monitoring,62.91
Pear - Prickly,Ergonomic disintermediate analyzer,36.42
Veal - Knuckle,Programmable user-facing initiative,54.66
Garam Marsala,Robust encompassing open system,60.26
"Crab - Dungeness, Whole",Front-line national array,23.05
"Syrup - Monin, Irish Cream",Synergized transitional migration,12.09
Cheese - Parmesan Cubes,Automated static functionalities,40.76
Ecolab Digiclean Mild Fm,Re-contextualized coherent knowledge base,91.85
Tumeric,Organic high-level encryption,25.22
Salt And Pepper Mix - Black,Profit-focused analyzing challenge,72.05
Knife Plastic - White,Seamless grid-enabled knowledge base,26.48
"Tortillas - Flour, 12",Fundamental reciprocal contingency,3.43
Chicken - Whole Fryers,Cross-group heuristic access,16.92
Bread Base - Gold Formel,Public-key value-added superstructure,95.67
Chick Peas - Dried,Seamless intermediate projection,41.62
"Chicken - Wings, Tip Off",Persistent multi-state support,22.19
Potato - Sweet,Monitored encompassing budgetary management,23.52
Chocolate - Chips Compound,Multi-tiered demand-driven software,42.96
Cheese - Grana Padano,Optimized methodical installation,72.87
Onions - Pearl,Streamlined local paradigm,33.98
Bread - Calabrese Baguette,Enhanced optimal migration,21.67
Cheese - Valancey,Enhanced 3rd generation forecast,2.23
Crab Meat Claw Pasteurise,Fundamental exuding monitoring,26.74
"Wine - Red, Gamay Noir",Visionary tertiary secured line,45.67
Milk - Skim,Fully-configurable heuristic hub,46.15
Wine - Sake,User-centric 4th generation emulation,55.86
"Tarragon - Primerba, Paste",Enhanced fresh-thinking structure,90.89
"Pasta - Rotini, Colour, Dry",Profound neutral time-frame,24.09
Mace,Down-sized fault-tolerant time-frame,41.42
Sugar - Monocystal / Rock,Configurable motivating policy,32.93
Mackerel Whole Fresh,Right-sized attitude-oriented projection,63.67
Soup - Cream Of Potato / Leek,Decentralized 6th generation encoding,54.63
"Doilies - 7, Paper",Front-line disintermediate conglomeration,83.8
Chinese Foods - Cantonese,Extended static access,28.5
"Wine - Saint - Bris 2002, Sauv",Exclusive tangible interface,17.92
"Wine - Magnotta, White",Re-engineered discrete application,93.35
Kiwano,Upgradable asynchronous archive,49.41
Cheese - Ricotta,Enterprise-wide didactic groupware,58.32
"Crab - Blue, Frozen",Re-engineered intangible open system,12.78
Bacardi Mojito,Phased methodical product,31.01
"Bread - Roll, Calabrese",Persistent homogeneous protocol,31.3
"Rum - White, Gg White",Extended empowering encryption,18.16
Bread Fig And Almond,Reactive zero administration strategy,5.22
Beef - Montreal Smoked Brisket,Right-sized object-oriented open system,55.01
"Soup - Knorr, Country Bean",Reduced demand-driven capability,79.01
Water - Green Tea Refresher,Profit-focused exuding toolset,89.84
"Cherries - Maraschino,jar",Sharable analyzing access,44.36
"Flour - Bran, Red",Enhanced bifurcated moderator,54.84
Orange - Blood,Progressive intermediate emulation,82.64
Cucumber - Pickling Ontario,Assimilated even-keeled middleware,76.08
Corn Meal,Future-proofed zero tolerance infrastructure,93.43
Beer - True North Strong Ale,Assimilated explicit array,41.64
Clementine,Expanded optimizing collaboration,52.24
Corn Syrup,Universal bandwidth-monitored toolset,20.43
Soup Campbells Beef With Veg,Ergonomic 5th generation alliance,39.05
Sponge Cake Mix - Chocolate,Reduced stable knowledge user,48.56
"Nut - Peanut, Roasted",Customer-focused reciprocal array,12.14
Table Cloth 120 Round White,Proactive secondary function,27.59
Compound - Rum,Reactive grid-enabled hardware,9.43
Wine - Stoneliegh Sauvignon,Optimized heuristic emulation,41.68
Ecolab - Lime - A - Way 4/4 L,Advanced mobile policy,32.62
"Oil - Truffle, White",Open-architected content-based analyzer,98.72
Olives - Stuffed,Optimized encompassing knowledge user,19.41
Chicken - Whole Roasting,Reverse-engineered zero administration architecture,4.71
"Soup - Knorr, Classic Can. Chili",Mandatory bottom-line infrastructure,17.51
Latex Rubber Gloves Size 9,User-centric maximized portal,8.12
Myers Planters Punch,Multi-lateral explicit policy,21.77
Soup - Tomato Mush. Florentine,Mandatory optimizing flexibility,4.0
Garam Marsala,Self-enabling executive approach,36.16
Quail - Jumbo,Enhanced asymmetric concept,28.92
"Cup - 6oz, Foam",Profit-focused methodical system engine,61.65
Cheese - Grana Padano,Persevering well-modulated success,93.07
Pork - Sausage Casing,Horizontal dynamic intranet,50.14
Lamb Rack - Ontario,Streamlined logistical application,17.85
Lychee,De-engineered asynchronous synergy,24.02
Bread Foccacia Whole,Digitized 4th generation capability,3.05
Vacuum Bags 12x16,Diverse heuristic local area network,50.46
"Pasta - Lasagne, Fresh",Pre-emptive user-facing conglomeration,76.84
Sprouts Dikon,Fundamental secondary software,57.46
Napkin Colour,Seamless maximized conglomeration,26.78
Fish - Bones,Ergonomic empowering productivity,13.57
Pastry - French Mini Assorted,Diverse bottom-line open system,60.09
Table Cloth 91x91 Colour,Sharable methodical instruction set,9.65
Red Currants,Synchronised analyzing service-desk,84.68
Butcher Twine 4r,Upgradable mobile project,71.79
Jicama,Business-focused hybrid emulation,73.91
Wine - Tio Pepe Sherry Fino,Stand-alone reciprocal infrastructure,20.04
Carbonated Water - Orange,Monitored discrete contingency,42.82
Syrup - Monin - Granny Smith,Organic client-driven system engine,6.52
Appetizer - Seafood Assortment,Universal exuding standardization,1.97
"Sugar - Sweet N Low, Individual",Upgradable tangible collaboration,72.53
Wine - Malbec Trapiche Reserve,Polarised multimedia synergy,79.86
"Olives - Black, Pitted",Seamless multi-tasking middleware,52.28
Flour - Strong Pizza,Synergistic bi-directional open system,59.1
Campari,Synchronised demand-driven firmware,8.21
Green Scrubbie Pad H.duty,Versatile foreground circuit,97.51
Radish,Fully-configurable homogeneous ability,49.71
Cocoa Powder - Dutched,Programmable 24/7 installation,35.5
Wine - Guy Sage Touraine,Inverse regional access,13.61
Ecolab Crystal Fusion,Cross-platform fault-tolerant forecast,91.78
Juice - Lemon,Face to face encompassing initiative,79.2
Lumpfish Black,Synergized regional product,28.53
Cookies - Englishbay Wht,Object-based secondary focus group,71.59
Kippers - Smoked,Assimilated composite neural-net,35.53
Ocean Spray - Ruby Red,Fully-configurable object-oriented service-desk,26.09
"Mushroom - Enoki, Dry",Organic optimizing alliance,66.22
"Bread - Roll, Canadian Dinner",Multi-layered holistic secured line,28.08
Snapple Raspberry Tea,Streamlined system-worthy collaboration,67.33
Beer - Molson Excel,Advanced coherent analyzer,73.34
Swiss Chard - Red,Managed context-sensitive intranet,34.07
Veal - Liver,Enterprise-wide mobile access,3.27
Olives - Kalamata,Devolved object-oriented help-desk,85.63
Rabbit - Whole,Configurable bottom-line archive,99.2
Squid - U 5,Ergonomic tertiary support,90.8
Chicken - Wieners,Streamlined client-driven portal,13.36
Chicken - Livers,Diverse zero tolerance budgetary management,30.75
"Mushroom - Shitake, Dry",Multi-channelled 3rd generation structure,43.08
Sauce - Alfredo,Upgradable multimedia capacity,73.44
Beef - Striploin Aa,Managed object-oriented toolset,87.73
Momiji Oroshi Chili Sauce,Optimized secondary algorithm,39.97
Lotus Root,Synergistic radical budgetary management,42.29
Towels - Paper / Kraft,Phased human-resource process improvement,66.28
"Veal - Inside Round / Top, Lean",Profit-focused coherent circuit,77.2
Irish Cream - Baileys,Intuitive 4th generation extranet,78.09
Cocoa Feuilletine,Robust encompassing challenge,9.13
Mikes Hard Lemonade,Persevering next generation policy,58.33
"Wine - White, Cooking",Enterprise-wide didactic solution,95.12
Grenadine,Implemented high-level capacity,52.74
Beer - Fruli,Focused neutral model,91.83
"Lamb - Pieces, Diced",Enterprise-wide disintermediate concept,35.81
Veal - Knuckle,Virtual grid-enabled attitude,87.83
Apricots Fresh,Synergistic non-volatile system engine,31.82
Chives - Fresh,Synchronised neutral emulation,54.4
Veal - Kidney,Implemented clear-thinking adapter,73.27
Sauce - Fish 25 Ozf Bottle,Seamless even-keeled project,21.92
Wine - Kwv Chenin Blanc South,Managed actuating portal,19.52
"Shrimp, Dried, Small / Lb",Streamlined static ability,58.13
Limes,Customizable composite info-mediaries,42.54
Transfer Sheets,Innovative intermediate success,63.29
Pepper - Chilli Seeds Mild,Exclusive uniform infrastructure,8.59
Sesame Seed Black,Enterprise-wide 24 hour open system,18.57
"Soup - Campbells, Minestrone",Cross-group disintermediate application,96.56
Steampan - Half Size Shallow,Ergonomic systemic customer loyalty,10.87
Plums - Red,Triple-buffered local moratorium,60.37
Cheese - Cream Cheese,Multi-channelled tertiary collaboration,29.97
Potatoes - Idaho 100 Count,Enterprise-wide heuristic Graphical User Interface,13.1
Wine - Cave Springs Dry Riesling,Extended human-resource access,11.7
Veal - Inside,Pre-emptive discrete groupware,82.04
Beer - Original Organic Lager,Advanced modular superstructure,93.61
Chicken Breast Halal,Triple-buffered executive parallelism,16.9
Cleaner - Lime Away,Vision-oriented motivating intranet,63.02
Steam Pan Full Lid,Monitored contextually-based utilisation,44.37
Truffle Cups Green,Integrated didactic function,80.34
Creme De Cacao Mcguines,Synchronised global capacity,36.4
Sauce - Hp,Multi-lateral intangible strategy,49.65
Soup - French Onion,Multi-lateral optimizing alliance,50.98
Pomello,Right-sized actuating open architecture,22.45
Onions - Spanish,Front-line next generation pricing structure,59.07
"Stock - Veal, White",Diverse mission-critical middleware,93.25
Pork - Side Ribs,Multi-lateral systematic parallelism,5.91
Rice - Sushi,Focused 24 hour intranet,38.72
Wine - Champagne Brut Veuve,Pre-emptive intermediate access,20.99
Yoplait - Strawbrasp Peac,Assimilated regional throughput,51.99
"Sole - Dover, Whole, Fresh",Focused 24 hour matrices,71.48
Coconut Milk - Unsweetened,Synergistic mission-critical software,29.14
Beef Striploin Aaa,Stand-alone dedicated system engine,90.23
"Wine - Magnotta - Red, Baco",Horizontal encompassing artificial intelligence,70.82
Steam Pan Full Lid,Triple-buffered demand-driven moderator,80.59
Appetizer - Assorted Box,Customizable dedicated migration,37.76
Greens Mustard,Integrated demand-driven software,17.74
Gelatine Powder,User-friendly optimal parallelism,38.5
Red Currants,Mandatory modular process improvement,56.24
"Nut - Peanut, Roasted",Synchronised intangible archive,86.74
Spinach - Frozen,Ergonomic full-range system engine,12.05
Gooseberry,Intuitive attitude-oriented info-mediaries,18.9
Bread - Sour Sticks With Onion,Devolved non-volatile alliance,25.83
"Split Peas - Green, Dry",Horizontal impactful solution,43.24
Curry Paste - Green Masala,Ergonomic eco-centric task-force,41.28
Mushroom - Morel Frozen,Extended neutral database,53.23
Knife Plastic - White,Cloned bandwidth-monitored forecast,47.22
Glass Clear 7 Oz Xl,Open-architected bifurcated orchestration,1.98
Soup - Campbells Chili,Ameliorated multimedia task-force,71.84
Foam Cup 6 Oz,Optimized foreground adapter,19.3
V8 - Vegetable Cocktail,Switchable 6th generation standardization,24.17
Carrots - Mini Red Organic,Vision-oriented local methodology,20.69
Ketchup - Tomato,Open-source heuristic function,82.51
Pepsi - 600ml,Synchronised optimizing focus group,85.94
Nantuket Peach Orange,Diverse modular capability,63.23
Crab Meat Claw Pasteurise,Ameliorated bottom-line structure,98.68
Tequila - Sauza Silver,Profit-focused methodical projection,48.13
Plasticspoonblack,Vision-oriented demand-driven complexity,59.93
Bread - Wheat Baguette,Profit-focused multi-tasking collaboration,83.3
"Oregano - Dry, Rubbed",Optimized directional intranet,50.8
Tia Maria,Cloned bifurcated software,90.73
Pastry - Apple Large,Reduced client-driven contingency,87.17
Tray - 16in Rnd Blk,Persistent systematic structure,3.71
Bagelers - Cinn / Brown Sugar,Phased directional implementation,17.63
"Bread - Pullman, Sliced",Managed client-driven function,59.59
Wine - Shiraz Wolf Blass Premium,Monitored object-oriented service-desk,89.55
Cheese - Provolone,Integrated attitude-oriented function,63.57
Cookie - Oatmeal,Monitored optimal adapter,16.47
Parsley - Dried,Customer-focused responsive project,76.14
"Sauce - Gravy, Au Jus, Mix",Assimilated hybrid synergy,65.04
Truffle Cups Green,Object-based leading edge array,10.35
Ginger - Fresh,Organized real-time focus group,43.65
"Syrup - Monin, Irish Cream",Networked secondary infrastructure,92.78
Milk - 2%,Exclusive attitude-oriented challenge,13.42
Wine - Casablanca Valley,Multi-layered dedicated process improvement,95.18
Island Oasis - Magarita Mix,Multi-layered homogeneous knowledge user,58.67
Gooseberry,Innovative impactful workforce,5.94
Beef - Prime Rib Aaa,Extended modular moratorium,8.05
Papayas,Total mobile migration,86.23
Chambord Royal,Exclusive bandwidth-monitored infrastructure,43.36
Vol Au Vents,Networked executive structure,11.45
Truffle Shells - White Chocolate,Organic 5th generation time-frame,33.66
Gelatine Powder,Open-source scalable interface,26.17
Rye Special Old,Optimized dedicated hardware,8.32
Cake - Dulce De Leche,Cross-platform radical productivity,28.22
Wine - Vouvray Cuvee Domaine,Balanced human-resource attitude,10.27
Broom Handle,Persevering interactive implementation,28.72
"Cheese - Brie, Cups 125g",Triple-buffered content-based array,52.85
Lemonade - Pineapple Passion,Quality-focused attitude-oriented intranet,87.92
Veal - Slab Bacon,Assimilated analyzing focus group,60.65
"Nut - Pistachio, Shelled",Programmable responsive definition,79.71
"Shrimp - 16/20, Peeled Deviened",Stand-alone intangible groupware,55.23
Oil - Grapeseed Oil,Future-proofed discrete access,5.35
Ecolab - Ster Bac,Stand-alone bifurcated hierarchy,75.05
Snapple Lemon Tea,Adaptive 24/7 budgetary management,67.86
"Fish - Halibut, Cold Smoked",Streamlined bottom-line function,62.34
"Tortillas - Flour, 8",Visionary user-facing methodology,96.91
Wine - Ej Gallo Sierra Valley,Progressive executive help-desk,35.55
Gatorade - Fruit Punch,Object-based bandwidth-monitored hub,5.62
"Soup - Campbells, Butternut",Synchronised 4th generation matrices,80.28
Wine - Kwv Chenin Blanc South,Automated intangible benchmark,69.22
Garlic - Elephant,Business-focused even-keeled algorithm,84.9
Sauce - Mint,Customizable local monitoring,69.81
Sausage - Andouille,Configurable intermediate archive,95.77
Truffle Shells - White Chocolate,Secured directional function,48.03
Buffalo - Short Rib Fresh,Managed disintermediate implementation,40.37
"Jam - Strawberry, 20 Ml Jar",Enterprise-wide mobile complexity,34.95
Pastry - Chocolate Marble Tea,Persistent regional groupware,82.24
Onions - Red,Expanded user-facing application,1.2
Island Oasis - Strawberry,Triple-buffered object-oriented alliance,81.86
Tia Maria,Proactive client-server superstructure,40.14
Cactus Pads,Optimized well-modulated policy,46.35
Duck - Breast,Cross-group directional product,21.08
Beef - Tenderloin Tails,Expanded dynamic frame,99.92
Butter - Salted,User-friendly composite intranet,37.75
Ezy Change Mophandle,Down-sized interactive matrices,71.72
"Pasta - Rotini, Dry",Profit-focused high-level local area network,89.7
Sugar - Brown,Customizable responsive algorithm,20.8
Longos - Chicken Curried,Networked zero defect orchestration,62.26
Cake - Pancake,Profit-focused mission-critical project,62.56
Crush - Cream Soda,User-friendly 3rd generation structure,55.9
Island Oasis - Ice Cream Mix,Distributed solution-oriented support,6.34
Filo Dough,Compatible homogeneous system engine,56.18
"Bread - Roll, Canadian Dinner",Ameliorated zero defect structure,47.24
Rappini - Andy Boy,User-friendly uniform encryption,53.61
Drambuie,Upgradable secondary pricing structure,46.31
Cabbage - Green,Robust grid-enabled migration,76.94
Energy Drink,Organized optimal superstructure,97.88
Sobe - Green Tea,Multi-lateral fresh-thinking archive,87.87
Cattail Hearts,Configurable asymmetric budgetary management,22.13
Ecolab Silver Fusion,Configurable mission-critical knowledge user,14.44
Wine - Saint Emilion Calvet,Triple-buffered full-range installation,50.2
Truffle Shells - White Chocolate,Automated regional middleware,56.47
"Beef - Rouladin, Sliced",User-centric zero tolerance firmware,76.15
Vinegar - White Wine,Open-source methodical hierarchy,31.65
Kahlua,Mandatory scalable function,44.54
Chicken - Wieners,Team-oriented responsive interface,70.33
Cakes Assorted,Multi-layered asynchronous conglomeration,99.58
Tomatoes - Heirloom,Enhanced bandwidth-monitored framework,95.74
Oil - Pumpkinseed,User-centric mobile encryption,24.97
Chevril,De-engineered dynamic encryption,43.52
Pur Source,Re-contextualized fresh-thinking secured line,87.31
Chips Potato Reg 43g,Public-key value-added challenge,44.04
Filling - Mince Meat,Persistent contextually-based conglomeration,51.87
"Soup - Campbells, Creamy",Face to face optimal ability,96.66
Tequila Rose Cream Liquor,Secured holistic methodology,28.1
Containter - 3oz Microwave Rect.,Integrated asynchronous budgetary management,6.78
Chicken - Leg / Back Attach,Universal exuding neural-net,25.0
Pepper - Pablano,Phased upward-trending system engine,82.29
"Chilli Paste, Hot Sambal Oelek",Stand-alone neutral standardization,33.63
Eggs - Extra Large,Operative methodical solution,49.31
Tea - Lemon Scented,Self-enabling well-modulated utilisation,58.2
Bread - French Stick,Multi-lateral hybrid matrix,52.4
Lemon Tarts,Centralized executive architecture,54.45
Appetizer - Sausage Rolls,Sharable multimedia alliance,50.73
Cookie Double Choco,Cross-platform 5th generation solution,2.32
Sugar - Brown,Business-focused executive standardization,58.43
"Cheese - Cheddar, Mild",Balanced logistical methodology,16.93
Pate - Cognac,Optimized web-enabled knowledge base,38.58
"Wine - Red, Marechal Foch",Decentralized even-keeled concept,16.3
Spaghetti Squash,Triple-buffered dynamic orchestration,28.57
V8 Splash Strawberry Banana,Open-source multi-state approach,95.56
Ecolab - Hand Soap Form Antibac,Cross-group dynamic Graphical User Interface,36.89
Cookie Chocolate Chip With,Right-sized 24 hour data-warehouse,34.96
Figs,Right-sized empowering complexity,99.93
Beer - Blue,Persevering clear-thinking initiative,6.04
Red Currant Jelly,Synergized 3rd generation array,98.81
Curry Powder,Networked analyzing policy,1.26
Mustard - Seed,Proactive national extranet,48.58
Beef - Bresaola,Digitized context-sensitive internet solution,81.11
Table Cloth 54x72 White,Horizontal stable protocol,76.68
"Crush - Grape, 355 Ml",Public-key eco-centric neural-net,99.89
Hipnotiq Liquor,Enterprise-wide directional database,7.49
Haggis,Open-architected clear-thinking archive,74.94
Pastry - Raisin Muffin - Mini,Universal discrete knowledge user,93.54
Wine - Wyndham Estate Bin 777,Reverse-engineered user-facing leverage,74.95
"Vodka - Hot, Lnferno",Decentralized eco-centric intranet,54.74
Spaghetti Squash,Ergonomic maximized methodology,34.11
Muffin - Banana Nut Individual,Re-contextualized clear-thinking firmware,96.35
Blueberries - Frozen,Optional systematic protocol,67.04
Muffin Batt - Blueberry Passion,Focused real-time hub,89.97
Tomatillo,Object-based zero administration extranet,74.08
Petite Baguette,Enhanced actuating concept,54.39
Dried Cherries,Inverse zero defect groupware,34.71
Tofu - Firm,Multi-channelled context-sensitive open architecture,47.01
Apple - Royal Gala,Right-sized neutral task-force,67.46
Glaze - Apricot,Stand-alone directional framework,17.49
Lobster - Live,User-friendly zero administration archive,14.11
"Wine - Red, Concha Y Toro",Reactive exuding archive,23.62
Tomato Paste,Devolved next generation capacity,70.44
Mayonnaise - Individual Pkg,Multi-lateral local initiative,12.16
Mushroom - Chanterelle Frozen,Phased heuristic alliance,44.79
"Soup - Beef Conomme, Dry",Programmable systematic frame,56.9
"Coconut - Creamed, Pure",Networked zero defect array,28.22
Cauliflower,Profit-focused interactive approach,55.49
Couscous,Up-sized explicit moderator,32.48
Pork Loin Bine - In Frenched,Cloned dynamic policy,71.39
Sauce - Roasted Red Pepper,Pre-emptive encompassing frame,97.5
Tomatoes - Cherry,Distributed mobile groupware,60.51
Wine - Sauvignon Blanc Oyster,Distributed 24 hour task-force,90.2
Lettuce - Red Leaf,Quality-focused bifurcated frame,68.9
"Cheese - Brie, Cups 125g",Public-key discrete definition,92.53
Pepper - Jalapeno,Up-sized real-time structure,39.11
Plums - Red,Cross-group value-added monitoring,2.02
"Wine - Bourgogne 2002, La",Multi-lateral stable internet solution,31.69
Beer - Muskoka Cream Ale,Programmable disintermediate collaboration,5.35
Sauce - Ranch Dressing,Function-based motivating artificial intelligence,26.6
Milk - Chocolate 250 Ml,Vision-oriented directional collaboration,42.92
Clementine,Versatile needs-based task-force,30.29
Pastry - Apple Large,Organic static attitude,97.5
Wine - Chablis 2003 Champs,Streamlined bifurcated functionalities,77.69
Bread - Petit Baguette,Multi-layered clear-thinking website,70.6
Sauce - Salsa,Universal well-modulated throughput,16.44
"Lemonade - Strawberry, 591 Ml",Function-based secondary local area network,2.09
"Crab - Dungeness, Whole",Right-sized modular protocol,56.02
Crackers Cheez It,Re-contextualized impactful conglomeration,91.63
Longos - Lasagna Veg,Visionary heuristic contingency,63.56
Mix Pina Colada,Persistent grid-enabled model,18.07
Sprouts - Baby Pea Tendrils,Enhanced intangible product,81.66
"Wine - Red, Cooking",Vision-oriented high-level open system,65.05
Beer - Tetleys,Realigned value-added frame,94.8
Compound - Mocha,Distributed upward-trending framework,26.19
Icecream Bar - Del Monte,Digitized real-time concept,46.9
Wine - Jackson Triggs Okonagan,Synergized homogeneous support,42.4
Sea Bass - Whole,Customer-focused composite installation,94.79
Cup - Translucent 7 Oz Clear,Reactive executive emulation,29.24
Table Cloth 90x90 White,Persevering logistical groupware,57.24
Venison - Racks Frenched,Ergonomic human-resource migration,6.59
Island Oasis - Pina Colada,Grass-roots systemic challenge,79.37
Pork Salted Bellies,User-friendly 6th generation ability,64.83
Glass Clear 8 Oz,Grass-roots client-driven secured line,78.36
Bag - Clear 7 Lb,Phased user-facing function,29.71
Magnotta - Bel Paese White,Mandatory 3rd generation infrastructure,39.82
Soup - Chicken And Wild Rice,Optional foreground archive,89.39
Cheese - Augre Des Champs,Polarised tertiary hub,86.45
Bagel - Sesame Seed Presliced,Vision-oriented zero defect infrastructure,23.54
Pastry - Baked Cinnamon Stick,Focused content-based hierarchy,87.18
Pie Box - Cello Window 2.5,Configurable asymmetric methodology,55.31
Rhubarb,Switchable 4th generation support,95.66
"Shrimp - Baby, Cold Water",Universal transitional interface,29.47
Lettuce - Belgian Endive,Assimilated static projection,87.32
"Turkey - Breast, Double",Digitized background moderator,58.18
Ham - Cooked,Monitored composite process improvement,43.92
Wine - Fume Blanc Fetzer,Right-sized encompassing emulation,8.65
Bread - Multigrain Oval,Optimized responsive installation,77.27
Pork - Backfat,Integrated systemic software,49.18
"Juice - Tomato, 48 Oz",Polarised intermediate policy,31.11
Lobster - Cooked,Realigned asynchronous challenge,87.18
Carrots - Mini Red Organic,Profound national help-desk,24.18
Anisette - Mcguiness,Multi-layered web-enabled instruction set,90.93
"Soup - French Onion, Dry",Monitored next generation project,71.1
Potato - Sweet,Cloned well-modulated policy,62.37
Tuna - Sushi Grade,Vision-oriented attitude-oriented database,3.48
Wine - Pinot Noir Stoneleigh,Upgradable real-time encoding,20.94
Coffee - Cafe Moreno,Front-line tangible hierarchy,75.09
Parsley - Fresh,Configurable dedicated parallelism,54.21
"Thyme - Lemon, Fresh",Enterprise-wide attitude-oriented database,24.87
Wine - Saint Emilion Calvet,Vision-oriented responsive success,31.52
Wine - Chablis J Moreau Et Fils,Multi-channelled client-server project,76.07
Lighter - Bbq,Expanded heuristic capability,60.33
Filling - Mince Meat,Exclusive grid-enabled complexity,83.52
"Lamb - Whole, Fresh",Secured coherent infrastructure,58.67
Veal - Kidney,Exclusive homogeneous structure,60.58
Sea Bass - Whole,Customer-focused logistical internet solution,78.07
Shiratamako - Rice Flour,Monitored clear-thinking monitoring,32.58
Lettuce - Iceberg,Reduced global process improvement,91.89
White Fish - Filets,Phased neutral matrix,31.93
Pastry - Banana Muffin - Mini,Sharable neutral instruction set,36.59
Chicken Breast Wing On,Quality-focused fault-tolerant encryption,91.51
Pear - Asian,Compatible modular leverage,13.42
"Turkey - Breast, Bone - In",Reactive interactive alliance,58.7
Wine - Manischewitz Concord,Re-engineered well-modulated capacity,70.26
Nantucket Cranberry Juice,Self-enabling systemic intranet,79.4
"Soup - Knorr, Veg / Beef",Sharable cohesive throughput,52.25
Soup Bowl Clear 8oz92008,Future-proofed asynchronous framework,37.03
Juice - Lime,Profit-focused 3rd generation monitoring,69.81
Glaze - Clear,Seamless maximized productivity,61.2
Chip - Potato Dill Pickle,Fully-configurable zero administration database,57.33
Lambcasing,Secured non-volatile interface,43.48
Schnappes Peppermint - Walker,Team-oriented user-facing instruction set,8.87
Nantucket - Orange Mango Cktl,Open-source web-enabled policy,81.49
Ham - Cooked,Upgradable secondary installation,83.14
"Pork - Back, Long Cut, Boneless",Intuitive mobile concept,76.47
Soup - Campbells Chili,Reduced context-sensitive open architecture,5.54
Evaporated Milk - Skim,Multi-layered multi-tasking capacity,46.02
Foie Gras,Ergonomic 3rd generation installation,32.05
"Bread - Rolls, Corn",Monitored zero defect initiative,57.12
Canadian Emmenthal,Focused 4th generation groupware,45.88
Lemon Grass,Balanced human-resource data-warehouse,56.17
Tumeric,Pre-emptive static intranet,19.73
"Juice - Grape, White",Optional cohesive utilisation,53.66
Chocolate - White,Multi-layered fresh-thinking model,90.94
"Tart Shells - Sweet, 3",Universal composite approach,24.45
Cheese - Cream Cheese,Inverse neutral standardization,57.95
"Dill - Primerba, Paste",Streamlined bandwidth-monitored definition,85.51
Soup - Campbells Beef Strogonoff,Cross-group regional emulation,22.98
Ice Cream Bar - Hagen Daz,Enhanced bi-directional installation,14.79
Bread - Italian Roll With Herbs,Face to face object-oriented local area network,5.42
"Napkin - Beverge, White 2 - Ply",Realigned leading edge ability,83.89
Bandage - Fexible 1x3,Robust bifurcated policy,44.66
Soup - Campbells - Chicken Noodle,Universal coherent encryption,29.48
Cheese - Cheddarsliced,Future-proofed mobile Graphical User Interface,41.12
"Sugar - Brown, Individual",Reduced foreground workforce,34.99
Muffin - Bran Ind Wrpd,Business-focused holistic installation,29.06
Magnotta - Bel Paese White,Multi-lateral context-sensitive internet solution,96.2
Lid Coffee Cup 8oz Blk,Persistent mission-critical emulation,22.74
Cheese - Comtomme,Enterprise-wide bottom-line artificial intelligence,32.76
Lamb - Ground,Operative non-volatile structure,52.23
"Chocolate - Pistoles, Lactee, Milk",Ameliorated cohesive software,39.8
"Cake Circle, Paprus",Fully-configurable bottom-line benchmark,43.03
"Nut - Peanut, Roasted",Cross-platform background portal,72.0
"Lemonade - Strawberry, 591 Ml",Synergized national implementation,24.08
Longos - Grilled Salmon With Bbq,Public-key maximized standardization,87.03
Table Cloth 120 Round White,De-engineered holistic parallelism,83.93
Tea - Apple Green Tea,Open-source dedicated solution,73.91
Salmon - Canned,Business-focused solution-oriented flexibility,35.76
"Coconut - Shredded, Unsweet",Total human-resource benchmark,45.98
Lemonade - Pineapple Passion,Configurable zero administration moratorium,75.78
Pan Grease,Assimilated neutral open system,76.57
Towel - Roll White,Secured optimizing focus group,47.34
"Wine - White, Concha Y Toro",Networked needs-based service-desk,27.54
"Salmon - Atlantic, Skin On",Profound encompassing attitude,16.45
Cookie Choc,Team-oriented intangible ability,40.96
Milk - Homo,Cloned grid-enabled hardware,89.95
"Lamb - Shoulder, Boneless",Advanced bifurcated parallelism,73.95
Chocolate - Dark Callets,Re-contextualized actuating toolset,96.18
Foam Espresso Cup Plain White,Stand-alone transitional customer loyalty,85.63
Wine - Sauvignon Blanc,Vision-oriented zero administration knowledge base,83.58
"Fish - Halibut, Cold Smoked",Diverse upward-trending methodology,68.96
Cream - 10%,Multi-layered asymmetric attitude,11.9
Glass Clear 7 Oz Xl,Synergistic cohesive interface,11.53
"Wine - Red, Cabernet Sauvignon",Vision-oriented holistic process improvement,59.37
Juice - Apple Cider,Streamlined zero administration structure,25.98
Wine - Piper Heidsieck Brut,Open-architected attitude-oriented system engine,37.26
Lid Tray - 16in Dome,Networked 6th generation support,65.62
Cherries - Frozen,Multi-lateral coherent workforce,27.55
Soup Campbells - Tomato Bisque,Triple-buffered contextually-based internet solution,91.4
Mcgillicuddy Vanilla Schnap,Compatible discrete capability,64.86
"Liqueur Banana, Ramazzotti",Team-oriented executive matrices,26.62
Chocolate - Feathers,Object-based leading edge parallelism,60.2
Ice Cream Bar - Hagen Daz,Horizontal empowering emulation,49.66
Chinese Foods - Chicken,Cross-platform fresh-thinking solution,55.87
Compound - Strawberry,Persevering dynamic adapter,96.05
Chocolate Bar - Reese Pieces,Object-based zero tolerance matrices,47.79
Squid Ink,Triple-buffered 5th generation emulation,79.11
Wine - Kwv Chenin Blanc South,Multi-layered solution-oriented utilisation,31.44
"Lemonade - Mandarin, 591 Ml",Adaptive responsive alliance,42.41
Cheese Cheddar Processed,Profit-focused secondary knowledge user,52.28
Buffalo - Striploin,Innovative 5th generation database,6.95
Nut - Macadamia,Open-source client-server neural-net,18.04
Wine - Soave Folonari,Multi-layered homogeneous product,34.48
Longos - Grilled Chicken With,Automated client-server firmware,72.63
Creme De Menth - White,Reverse-engineered national application,41.73
Pizza Pizza Dough,Expanded hybrid internet solution,87.97
"Mushroom - Chanterelle, Dry",Polarised clear-thinking utilisation,30.95
Mint - Fresh,Virtual zero defect implementation,79.73
Appetiser - Bought,Managed explicit installation,13.79
Tart - Lemon,Diverse clear-thinking emulation,30.05
Cups 10oz Trans,Organized methodical budgetary management,13.2
Bread Crumbs - Panko,Cross-platform bifurcated Graphic Interface,45.96
Wine - Barolo Fontanafredda,Horizontal zero tolerance functionalities,38.69
Table Cloth 90x90 Colour,Profit-focused impactful analyzer,93.94
Cheese - Parmesan Cubes,Right-sized global support,75.37
Trueblue - Blueberry,Monitored background matrix,84.21
"Split Peas - Green, Dry",Upgradable 24/7 knowledge base,65.7
Pork - Backs - Boneless,Managed holistic focus group,8.6
Compound - Passion Fruit,Enhanced logistical ability,41.47
Muffin Mix - Raisin Bran,Enterprise-wide fresh-thinking adapter,21.73
Tuna - Bluefin,Grass-roots cohesive application,49.87
Flower - Potmums,Implemented cohesive functionalities,22.67
Oil - Peanut,Public-key secondary encoding,22.72
Sherry - Dry,Proactive intangible success,65.99
"Coconut - Shredded, Sweet",Self-enabling global projection,98.75
"Pasta - Detalini, White, Fresh",Re-engineered web-enabled analyzer,47.47
Bread - Mini Hamburger Bun,Automated disintermediate moderator,66.84
"Mushroom - Chanterelle, Dry",De-engineered context-sensitive circuit,28.36
"Veal - Inside, Choice",Organized discrete superstructure,56.09
Pork - Bones,Self-enabling needs-based contingency,8.78
Soup - Campbellschix Stew,Cloned asymmetric help-desk,78.53
Towels - Paper / Kraft,Diverse systemic analyzer,98.77
Energy Drink - Franks Original,Versatile mobile customer loyalty,87.18
"Coke - Classic, 355 Ml",Open-source 4th generation methodology,34.59
Carbonated Water - White Grape,Assimilated multi-tasking moderator,1.9
Soup Campbells,Horizontal modular budgetary management,42.75
Tuna - Fresh,Expanded content-based approach,47.47
Macaroons - Two Bite Choc,Centralized optimizing throughput,34.21
Cactus Pads,Customizable eco-centric firmware,67.89
"Wine - White, Chardonnay",Cross-group bandwidth-monitored customer loyalty,31.9
Dawn Professionl Pot And Pan,Organic impactful capacity,21.72
Steampan - Half Size Shallow,Open-architected dedicated project,26.86
Eggplant - Asian,Business-focused system-worthy budgetary management,76.46
Raisin - Dark,Networked holistic conglomeration,88.13
Wine - Magnotta - Cab Sauv,Networked non-volatile intranet,23.97
Gelatine Leaves - Bulk,User-centric systematic success,33.98
Coffee - Ristretto Coffee Capsule,Automated intangible parallelism,36.03
Lighter - Bbq,Reverse-engineered cohesive system engine,56.73
Wine - Niagara Peninsula Vqa,Focused even-keeled parallelism,8.42
Beets,Business-focused multi-state contingency,57.59
Amarula Cream,Implemented transitional success,79.96
Juice - Apple Cider,Function-based didactic flexibility,10.48
Bread - Italian Corn Meal Poly,Compatible optimizing matrix,70.5
Tamarind Paste,Organic even-keeled interface,46.38
Steampan - Half Size Shallow,Synchronised stable algorithm,26.53
Lamb Rack - Ontario,Organized attitude-oriented paradigm,73.19
Sauce - Vodka Blush,Reduced coherent website,69.06
Durian Fruit,Reduced real-time alliance,69.07
"Pasta - Gnocchi, Potato",Organic client-driven synergy,46.22
Soup - Base Broth Beef,Automated encompassing success,96.04
Appetizer - Seafood Assortment,User-centric bifurcated project,31.17
Sauce - Alfredo,Phased client-server database,36.18
Wood Chips - Regular,Cloned analyzing open system,63.5
Bagel - Everything Presliced,Reactive attitude-oriented toolset,65.86
"Soup - Campbells, Butternut",Realigned client-driven alliance,92.06
"Crab - Claws, 26 - 30",Intuitive background info-mediaries,50.97
Pork - Smoked Kassler,Fully-configurable coherent database,40.84
Chicken Breast Halal,Ameliorated tangible hub,66.47
Mints - Striped Red,Future-proofed bottom-line intranet,89.93
Brandy Apricot,Fundamental multimedia neural-net,53.01
"Nut - Pecan, Pieces",Visionary eco-centric approach,73.13
Flour - Teff,Compatible actuating info-mediaries,70.57
Muffin Batt - Blueberry Passion,Phased asynchronous open system,56.68
Jicama,Innovative regional instruction set,32.1
Beef - Ground Medium,Horizontal bottom-line installation,86.01
"Cheese - Cheddar, Old White",Multi-layered discrete access,32.44
Cup - Translucent 7 Oz Clear,Front-line contextually-based middleware,3.96
Beef - Top Sirloin,Virtual regional matrices,3.69
Flour - Chickpea,Integrated global parallelism,24.23
Vaccum Bag - 14x20,Balanced 24 hour methodology,64.22
"Pasta - Bauletti, Chicken White",Multi-tiered dedicated leverage,45.91
Pur Source,Ameliorated dynamic focus group,43.28
Paste - Black Olive,Pre-emptive clear-thinking protocol,25.52
"Lobster - Baby, Boiled",Public-key hybrid hub,12.85
"Flour - Corn, Fine",Innovative 24 hour throughput,44.11
Wine - Mondavi Coastal Private,Reactive bi-directional array,63.73
Shrimp - 31/40,Inverse needs-based throughput,54.38
Black Currants,Inverse interactive moderator,62.02
Lettuce - Escarole,Organic actuating interface,78.48
"Flour - Corn, Fine",Multi-lateral 24 hour frame,38.18
Pastry - Baked Cinnamon Stick,Diverse methodical solution,33.99
Ice Cream - Life Savers,Multi-channelled client-server moderator,3.3
Chips - Potato Jalapeno,Synergized demand-driven open system,59.14
Wood Chips - Regular,Versatile multi-state Graphic Interface,33.25
Cumin - Ground,Open-architected actuating pricing structure,56.46
Wine - Blue Nun Qualitatswein,Optimized secondary throughput,59.11
"Sugar - Brown, Individual",Optional static secured line,88.15
Dehydrated Kelp Kombo,Automated grid-enabled approach,13.9
"Pasta - Elbows, Macaroni, Dry",Customer-focused client-driven hardware,20.99
Wine - Jaboulet Cotes Du Rhone,Expanded leading edge application,76.54
Skirt - 29 Foot,Cross-platform fault-tolerant instruction set,38.15
Vinegar - Balsamic,Fundamental methodical architecture,40.48
Chicken - Tenderloin,Visionary logistical adapter,23.87
Sole - Iqf,Advanced composite interface,7.72
Hold Up Tool Storage Rack,Diverse secondary benchmark,19.0
"Juice - Orange, Concentrate",Synergistic real-time hub,8.33
Pasta - Angel Hair,Ergonomic discrete complexity,28.19
Nougat - Paste / Cream,Down-sized solution-oriented instruction set,95.76
Carbonated Water - Wildberry,Assimilated transitional archive,29.42
Chervil - Fresh,User-centric global challenge,27.84
Wine - Riesling Dr. Pauly,Down-sized composite monitoring,11.57
Pastry - Baked Scones - Mini,Team-oriented system-worthy frame,35.4
Cheese - Parmesan Cubes,Customizable motivating emulation,82.51
"Beef - Bones, Marrow",Advanced asynchronous task-force,11.11
Rhubarb,Optimized radical definition,83.22
Compound - Orange,Vision-oriented zero defect Graphical User Interface,84.92
Scallop - St. Jaques,Sharable well-modulated utilisation,32.16
Fruit Salad Deluxe,Proactive upward-trending ability,70.05
Bag Clear 10 Lb,Open-source content-based website,35.41
"Crab - Dungeness, Whole",Open-source global toolset,76.93
Spice - Peppercorn Melange,Multi-layered global neural-net,27.31
Galliano,Up-sized methodical Graphical User Interface,63.51
"Wine - White, Gewurtzraminer",Business-focused object-oriented policy,1.87
"Olives - Green, Pitted",Pre-emptive bi-directional interface,80.48
Bread - Hot Dog Buns,Cross-platform well-modulated algorithm,91.15
"Wine - Red, Wolf Blass, Yellow",Assimilated heuristic Graphical User Interface,22.37
Bread - Raisin Walnut Oval,Balanced system-worthy access,42.47
Carbonated Water - Wildberry,Self-enabling global synergy,75.02
"Cherries - Bing, Canned",Total tertiary conglomeration,60.31
Lettuce - Sea / Sea Asparagus,Innovative demand-driven data-warehouse,5.28
Iced Tea Concentrate,Expanded 24 hour hardware,53.29
Cheese - Stilton,Down-sized well-modulated definition,86.99
Parsley - Fresh,De-engineered empowering infrastructure,35.57
Cumin - Ground,Progressive fresh-thinking flexibility,44.61
Ginsing - Fresh,Centralized upward-trending archive,63.57
Scallops - 20/30,Centralized value-added framework,13.96
Oil - Avocado,Vision-oriented regional project,89.48
Shark - Loin,Implemented value-added info-mediaries,31.22
"Vermouth - Sweet, Cinzano",Enterprise-wide content-based archive,13.98
Swordfish Loin Portions,Optimized 3rd generation functionalities,84.35
Squash - Pepper,Mandatory reciprocal circuit,47.36
Calaloo,Phased upward-trending Graphic Interface,61.97
Nantucket - Kiwi Berry Cktl.,Focused next generation intranet,7.04
Quail - Jumbo,Business-focused static complexity,12.93
Dikon,Re-engineered tertiary throughput,43.03
"Pasta - Fusili, Dry",Diverse multi-tasking methodology,1.18
Chips Potato Salt Vinegar 43g,Optional solution-oriented emulation,70.6
Island Oasis - Lemonade,Streamlined encompassing hub,67.09
Energy Drink Red Bull,Configurable incremental groupware,25.47
Oil - Hazelnut,Business-focused system-worthy task-force,2.18
Munchies Honey Sweet Trail Mix,Stand-alone reciprocal archive,35.5
Appetizer - Seafood Assortment,Open-architected static flexibility,96.88
Vacuum Bags 12x16,Secured value-added archive,34.05
Potatoes - Mini Red,Pre-emptive global challenge,53.96
Bacardi Breezer - Tropical,Inverse homogeneous structure,25.43
Cheese - Swiss Sliced,Sharable context-sensitive focus group,37.29
"Brownies - Two Bite, Chocolate",Business-focused asynchronous encryption,61.57
Cheese - Cream Cheese,Inverse dedicated secured line,70.78
Beer - Maudite,Polarised context-sensitive projection,70.64
Scrubbie - Scotchbrite Hand Pad,Balanced didactic internet solution,54.77
Syrup - Monin - Passion Fruit,Organized full-range groupware,71.13
"Salt - Rock, Course",Total asynchronous customer loyalty,85.53
Longos - Chicken Caeser Salad,Virtual heuristic support,28.27
Dry Ice,Front-line static policy,61.55
Country Roll,Phased next generation middleware,70.42
Lemon Grass,Expanded fault-tolerant collaboration,16.47
Tia Maria,Cross-group attitude-oriented website,62.49
Baking Powder,Customer-focused multi-state process improvement,63.95
Muffin Batt - Carrot Spice,Assimilated asynchronous instruction set,99.93
Spring Roll Veg Mini,Implemented static middleware,9.72
Godiva White Chocolate,Ergonomic systemic installation,75.66
Sloe Gin - Mcguinness,Persistent bottom-line extranet,61.34
Sping Loaded Cup Dispenser,Focused static interface,80.05
Bread - Italian Roll With Herbs,Multi-channelled cohesive knowledge user,2.89
French Kiss Vanilla,Horizontal attitude-oriented monitoring,98.43
Absolut Citron,Configurable composite approach,66.28
Cornflakes,Down-sized stable interface,47.46
Pepper - Orange,Team-oriented solution-oriented projection,68.64
Beer - Rickards Red,Polarised executive initiative,75.1
Pate - Cognac,Digitized value-added contingency,70.52
Cleaner - Bleach,Universal holistic orchestration,90.22
Flounder - Fresh,Realigned encompassing task-force,52.27
"Vermouth - White, Cinzano",Object-based maximized matrix,5.66
"Crab - Back Fin Meat, Canned",Distributed attitude-oriented Graphical User Interface,17.54
Dc - Frozen Momji,Ergonomic well-modulated function,37.38
Stainless Steel Cleaner Vision,Mandatory analyzing toolset,91.11
Persimmons,Digitized real-time moderator,42.89
"Thyme - Lemon, Fresh",Adaptive solution-oriented workforce,20.85
Beef - Striploin,Customizable didactic initiative,76.13
Toamtoes 6x7 Select,Secured stable paradigm,88.65
"Crab - Blue, Frozen",Persevering intangible software,69.28
Wine - Jaboulet Cotes Du Rhone,Multi-tiered hybrid conglomeration,96.07
Banana Turning,Reactive bottom-line approach,70.76
Miso Paste White,Vision-oriented actuating neural-net,52.81
"Stock - Beef, White",Exclusive client-server info-mediaries,64.84
Yokaline,Sharable discrete service-desk,36.04
Cheese - Brie,Enhanced didactic toolset,90.51
Wine - Rioja Campo Viejo,Synchronised web-enabled parallelism,7.35
"Carrots - Mini, Stem On",Upgradable eco-centric encryption,34.61
Brandy - Bar,Profound incremental alliance,65.08
Pepper - Red Thai,Business-focused foreground product,16.48
Lamb Rack Frenched Australian,Adaptive homogeneous access,87.92
Beer - Rickards Red,Configurable motivating workforce,98.74
Pastry - Banana Muffin - Mini,Monitored bifurcated customer loyalty,33.83
Potatoes - Fingerling 4 Oz,Multi-tiered scalable paradigm,28.61
Wine - Black Tower Qr,Customer-focused tertiary help-desk,32.31
Lemon Pepper,Managed content-based implementation,15.15
Bread - 10 Grain,Programmable needs-based throughput,87.78
"Juice - Apple, 1.36l",Face to face well-modulated help-desk,61.31
Kaffir Lime Leaves,Re-contextualized dedicated analyzer,99.52
Wine - Jafflin Bourgongone,Networked heuristic focus group,48.03
Gelatine Leaves - Bulk,Fully-configurable upward-trending algorithm,34.06
Ketchup - Tomato,Persistent modular application,22.93
"Wine - White, Riesling, Henry Of",Sharable client-server success,92.09
Pepper - Cubanelle,Digitized regional capability,90.94
Russian Prince,Profound tangible framework,82.3
"Pork - Loin, Bone - In",Profound global firmware,40.63
Bandage - Flexible Neon,Cloned web-enabled framework,75.36
Fondant - Icing,Distributed static Graphical User Interface,92.4
"Cheese - Mozzarella, Buffalo",Balanced object-oriented data-warehouse,94.92
Wine - Ruffino Chianti,Advanced tangible capability,86.27
Tomatoes - Grape,Face to face coherent encoding,22.75
"Tarragon - Primerba, Paste",Optional analyzing utilisation,44.52
Pheasants - Whole,Business-focused mobile encoding,16.21
Soap - Hand Soap,Team-oriented bandwidth-monitored hierarchy,2.96
Gelatine Powder,Reduced didactic leverage,53.93
Wine - Clavet Saint Emilion,Digitized bandwidth-monitored architecture,79.44
Soup Bowl Clear 8oz92008,Organic radical synergy,96.96
"Sole - Dover, Whole, Fresh",Streamlined explicit utilisation,46.5
Wine - Soave Folonari,User-friendly explicit forecast,53.26
Veal - Liver,Fully-configurable system-worthy application,56.75
Ecolab - Solid Fusion,Seamless transitional matrix,27.99
"Sugar - Brown, Individual",Versatile encompassing time-frame,21.01
Jam - Raspberry,Expanded cohesive synergy,82.13
Gelatine Leaves - Envelopes,Total real-time migration,66.05
Sobe - Liz Blizz,Down-sized transitional synergy,16.24
Lamb Shoulder Boneless Nz,Programmable didactic process improvement,34.77
Icecream - Dstk Cml And Fdg,Triple-buffered global internet solution,25.55
Cleaner - Pine Sol,Compatible background contingency,58.84
Cheese - Parmesan Cubes,Future-proofed interactive data-warehouse,53.03
"Chilli Paste, Hot Sambal Oelek",Multi-layered disintermediate strategy,3.23
Appetizer - Sausage Rolls,Proactive disintermediate toolset,80.07
Soup Campbells - Italian Wedding,Customizable contextually-based function,19.07
Syrup - Monin - Passion Fruit,Adaptive asymmetric parallelism,3.32
Pastry - Cheese Baked Scones,Balanced background initiative,70.75
"Pepper - White, Whole",Up-sized interactive leverage,37.8
Spic And Span All Purpose,Focused responsive secured line,38.52
"Pasta - Lasagne, Fresh",Networked regional intranet,76.85
Soup - Campbells,Optimized intangible open architecture,43.75
Fuji Apples,Optional 6th generation task-force,55.65
Onions - Cippolini,Optimized didactic orchestration,60.02
"Cheese - Manchego, Spanish",Programmable asynchronous installation,3.03
"Soup - Campbells, Cream Of",Synchronised systematic moratorium,58.97
"Cheese - Manchego, Spanish",Devolved analyzing customer loyalty,25.38
Pasta - Ravioli,Customizable systemic throughput,76.3
Pastry - Banana Tea Loaf,Synergized cohesive flexibility,66.34
Tomato - Green,Advanced zero tolerance protocol,23.96
"Rum - Dark, Bacardi, Black",Grass-roots actuating collaboration,77.79
Ice Cream Bar - Hagen Daz,Future-proofed attitude-oriented productivity,97.8
"Tomatoes - Vine Ripe, Red",Cross-group multi-tasking functionalities,7.61
"Wine - Magnotta, Merlot Sr Vqa",Focused disintermediate capacity,9.07
Tomatoes - Roma,Digitized interactive function,79.92
"Wine - White, Riesling, Henry Of",Customizable uniform process improvement,83.68
Tomato - Tricolor Cherry,Programmable uniform local area network,56.58
"Wine - Red, Black Opal Shiraz",Business-focused incremental groupware,13.13
"Cheese - Cheddar, Mild",Integrated leading edge archive,42.24
"Pesto - Primerba, Paste",Synchronised 5th generation frame,33.77
Pur Source,Realigned dedicated productivity,22.44
Ginger - Pickled,Synchronised object-oriented architecture,28.03
Shortbread - Cookie Crumbs,Organized multimedia hardware,75.92
Soup - Campbells Beef Noodle,Operative user-facing task-force,44.03
Beer - Blue,User-centric modular capability,67.13
Sauce - Rosee,Managed eco-centric initiative,52.66
Lychee,Total context-sensitive capability,75.97
"Potatoes - Instant, Mashed",Upgradable stable firmware,90.09
Maintenance Removal Charge,Focused empowering software,73.92
Squid Ink,Fully-configurable value-added Graphical User Interface,65.23
"Cherries - Bing, Canned",Exclusive executive archive,35.44
Olive - Spread Tapenade,Automated multimedia orchestration,64.68
"Cheese - Cheddar, Mild",Cross-group scalable parallelism,39.55
"Pasta - Fett Alfredo, Single Serve",Seamless client-server orchestration,48.89
"Napkin - Dinner, White",Total object-oriented contingency,55.71
Turkey Leg With Drum And Thigh,Upgradable foreground encryption,6.7
Sausage - Meat,Configurable national ability,73.1
"Wine - White, Gewurtzraminer",Monitored attitude-oriented functionalities,23.84
Mcgillicuddy Vanilla Schnap,Enhanced multimedia info-mediaries,12.2
Wine - Valpolicella Masi,Quality-focused bifurcated implementation,25.83
Cheese - Mix,Innovative client-driven core,82.76
Milk - 2%,Proactive high-level forecast,5.01
"Wine - White, Riesling, Henry Of",Assimilated object-oriented portal,7.0
Sobe - Tropical Energy,Open-source background model,26.41
Butter Ripple - Phillips,Monitored web-enabled array,76.45
Eggplant - Regular,Vision-oriented asymmetric projection,43.86
Monkfish - Fresh,Reverse-engineered actuating policy,7.77
"Ham - Smoked, Bone - In",Multi-tiered composite application,14.37
"Soup - Knorr, Chicken Gumbo",User-friendly well-modulated policy,65.25
Bread - Bistro White,Programmable asynchronous circuit,27.61
Scampi Tail,Cross-platform cohesive matrix,78.28
Carbonated Water - White Grape,Operative system-worthy challenge,41.52
"Shrimp - Baby, Cold Water",Horizontal object-oriented algorithm,73.84
"Sparkling Wine - Rose, Freixenet",Synergistic zero administration policy,50.94
Lamb - Sausage Casings,Cloned exuding analyzer,93.55
Rice - 7 Grain Blend,Centralized interactive methodology,17.08
Tea - Orange Pekoe,Reactive system-worthy Graphical User Interface,91.5
